date,prgtype,cutoffreq,upper freq,ampstart,ampend,noisethresh,amp calc mode,ak_peak_dec,,,,,,,,,,,,,,,,,,
11/23/2020,LMA 2019-3,300,511,20,20,1.5,1,0.3,,,,,,,,,,,,,,,,,,
call,duration,durat2,select,F0start,F0end,F0max,F0min,F0mean,lmmean,lmmax,F0loc,trfak,trmean,trmax,Pfstart       ,Pfend,Pfmax,Pfmin,Pfmean       ,Pfmaxamp,Pfminamp,Pfmaxloc,Pfminloc,Pfmaxdif,noise_mean,noise_max
1001_CS1.lma,917.3448,0,no,751,1010,1691,658,1102,15,531,0.17,0.06,133,739,751,1010,3969,658,1340,1479,1010,0.77,1,1761,0.21,0.4
1002_2_CS1.lma,890.6778,0,no,329,705,728,305,559,5,80,0.67,0.05,58,177,329,775,2865,305,852,751,775,0.7,1,1902,0.16,0.44
1002_CS1.lma,1080.0135,0,no,751,1174,1761,751,1464,17,216,0.52,0.03,162,588,728,1174,3006,728,1490,1667,1174,0.75,1,1503,0.18,0.3
1004_CS3.lma,736.0092,0,no,1245,1127,1409,798,1215,8,103,0.26,-0.03,128,399,1245,1127,2818,376,1383,1080,1127,0.78,1,1409,0.18,0.3
1009_CS1.lma,645.3414,0,no,540,939,963,517,800,9,178,0.92,0.05,45,257,540,939,1785,517,930,892,658,0.68,0.92,1127,0.16,0.28
1011_CS1.lma,613.341,0,no,1057,1221,1386,705,1260,8,225,0.46,0,102,559,1057,611,1386,611,1241,1386,611,0.59,1,282,0.58,0.84
1014_CS1.lma,840.0105,0,no,611,1245,1432,540,1191,7,75,0.74,0.08,156,489,611,1245,2771,329,1652,1127,1245,0.93,1,1386,0.22,0.34
1018_2_CS1.lma,816.0102,0,no,775,1221,1409,705,1200,11,258,0.46,0.05,126,420,587,1221,2818,564,1349,751,1221,0.08,1,1409,0.21,0.4
1018_CS1.lma,744.0093,0,no,751,1033,1691,728,1327,23,197,0.24,0,250,592,751,1033,1691,681,1325,1573,1033,0.3,1,493,0.16,0.26
1032_2_CS2.lma,666.675,0,no,1127,1386,1620,1127,1487,5,85,0.16,-0.02,53,406,1127,634,1620,634,1463,1620,634,0.18,1,775,0.32,0.57
1032_CS1.lma,850.6773,0,no,751,751,1620,751,1306,13,169,0.76,0.05,200,748,658,751,3945,658,1433,1526,751,0.8,1,2607,0.21,0.33
1034_CS1.lma,634.6746,0,no,798,798,1432,775,1270,9,169,0.46,0.01,106,523,798,798,1432,775,1270,1174,798,0.11,1,423,0.38,0.55
1035_CS2.lma,522.6732,0,no,658,634,1151,634,999,5,99,0.59,0,121,358,658,634,1151,634,999,1080,634,0.19,1,258,0.14,0.26
1039_CS1.lma,701.3421,0,no,751,1268,1550,751,1401,10,263,0.63,0.02,112,584,681,1268,2935,611,1913,1550,1268,0.69,1,1456,0.76,0.91
1042_CS2.lma,600.0075,0,no,611,611,1315,611,1051,6,85,0.25,-0.04,199,536,611,587,1315,587,1051,1198,611,0.58,0,211,0.16,0.35
1057_CS1.lma,1413.351,0,no,775,751,1550,751,1306,7,451,0.79,0.03,141,730,658,728,3828,658,1835,1503,728,0.75,1,2513,0.18,0.31
1060_CS1.lma,866.6775,0,no,798,1151,1386,751,1276,8,254,0.4,0.02,106,582,352,611,3992,352,1355,1386,611,0.72,1,2677,0.22,0.42
1065_2_CS3.lma,1728.0216,0,no,1104,892,1198,564,915,12,362,0.09,0,125,344,1104,892,1198,564,915,1033,892,0.47,1,611,0.16,0.38
1065_CS1.lma,882.6777,0,no,705,1245,1409,705,1250,7,132,0.48,0.03,148,436,705,1245,2771,681,1291,1339,1245,0.73,1,1386,0.14,0.29
1077_CS1.lma,941.3451,0,no,728,751,1174,634,949,8,132,0.65,0.02,126,332,728,751,1174,634,949,775,751,0.2,1,329,0.32,0.44
1078_CS2.lma,725.3424,0,no,892,892,1362,705,1162,6,127,0.27,-0.03,131,402,892,892,2654,705,1205,1010,892,0.83,1,1339,0.17,0.39
1086_CS1.lma,514.6731,0,no,705,1292,1362,634,1150,13,197,0.64,0.13,90,363,352,2630,2630,352,1431,2630,2630,0.78,1,1339,0.33,0.46
1087_CS3.lma,637.3413,0,no,1010,798,1526,798,1314,10,235,0.41,-0.06,179,461,705,751,1526,681,1292,1526,869,0.58,0.96,305,0.19,0.32
1088_CS2.lma,693.342,0,no,728,1104,1526,728,1218,10,103,0.48,0.01,224,462,728,1104,1526,705,1218,1432,1104,0.67,1,258,0.24,0.4
1105_CS2.lma,277.3368,0,no,540,658,916,540,689,14,132,0.64,0.05,49,209,1033,658,1057,564,709,705,658,0.29,1,493,0.46,0.7
1109_CS2.lma,488.0061,0,no,751,1151,1550,751,1297,11,258,0.52,0.02,234,594,728,634,3123,634,1419,751,634,0.05,1,1620,0.27,0.4
1113_CS2.lma,600.0075,0,no,775,1198,1526,775,1364,8,207,0.57,0.01,127,560,775,1198,1526,634,1362,1479,775,0.48,0,493,0.68,0.89
1114_CS1.lma,770.6763,0,no,822,1127,1855,705,1211,23,366,0.2,0,145,639,423,1127,2701,329,1195,1198,1127,0.76,1,1362,0.19,0.27
1116_CS1.lma,968.0121,0,no,869,1127,1432,705,1221,7,197,0.65,0.05,133,438,869,1127,4110,564,1292,1080,1386,0.24,0.87,2724,0.53,0.7
1117_CS2.lma,989.3457,0,no,845,775,1362,634,1207,9,225,0.73,0.02,97,520,540,2677,3757,517,1630,1245,2677,0.25,1,2489,0.15,0.42
1119_CS2.lma,632.0079,0,no,728,798,1315,634,1089,17,221,0.66,0.07,139,510,282,540,2630,282,1448,587,540,0.17,1,1315,0.2,0.41
1121_CS2.lma,677.3418,0,no,705,1127,1386,705,1178,15,225,0.37,0.02,151,514,658,1127,2654,564,1400,1386,658,0.4,0,2043,0.19,0.48
1126_CS1.lma,869.3442,0,no,822,1245,1245,564,1050,14,160,0.87,-0.01,119,524,352,470,1785,352,1011,1174,470,0.22,1,1409,0.16,0.25
1127_CS4.lma,709.3422,0,no,1198,1526,1550,1198,1467,5,85,0.45,0.01,62,302,1198,1526,1550,1198,1467,1550,1526,0.54,1,188,0.18,0.43
1131_CS1.lma,909.3447,0,no,728,681,1339,681,1208,4,85,0.47,0.01,120,570,587,681,2677,587,1853,1104,587,0.1,0,1339,0.16,0.3
1132_2_CS2.lma,517.3398,0,no,611,611,1127,564,878,6,70,0.35,-0.04,174,399,517,611,3851,517,952,611,517,0.89,0,2748,0.16,0.27
1132_CS2.lma,450.6723,0,no,869,822,1432,822,1216,8,56,0.4,-0.02,113,390,869,822,3898,822,1430,1080,822,0.88,1,2607,0.2,0.29
1133_2_CS1.lma,504.0063,0,no,305,470,517,305,454,4,56,0.27,0.02,28,101,305,470,986,305,463,493,305,0.53,0,587,0.15,0.38
1133_CS1.lma,717.3423,0,no,939,1057,1738,822,1480,18,301,0.37,-0.01,182,638,775,681,4344,681,1619,1644,1386,0.61,0.98,2912,0.26,0.39
1134_CS2.lma,722.6757,0,no,916,1268,1386,728,1272,8,221,0.25,-0.02,113,505,611,658,1386,305,1205,1386,305,0.29,0,634,0.12,0.23
1135_2_CS1.lma,978.6789,0,no,939,1174,1245,822,1122,4,113,0.81,0.01,56,260,3264,1174,3264,423,1165,1151,3264,0.31,0,2841,0.17,0.37
1135_CS2.lma,576.0072,0,no,1198,798,1738,798,1491,28,254,0.14,-0.08,143,527,1198,798,3358,798,1516,1479,798,0.75,1,1808,0.26,0.37
1136_CS1.lma,613.341,0,no,775,1479,1597,775,1441,8,141,0.59,0.06,112,503,775,1479,2724,775,1465,798,1479,0.03,1,1456,0.25,0.34
1140_CS1.lma,677.3418,0,no,798,1339,1691,798,1382,12,169,0.24,0.03,184,509,798,1339,4297,798,1478,1221,1339,0.14,1,2888,0.25,0.4
1142_CS2.lma,453.339,0,no,939,1151,1479,939,1337,10,86,0.36,0.01,74,387,939,1151,2865,939,1608,1409,1151,0.65,1,1479,0.28,0.4
1143_2_CS1.lma,816.0102,0,no,751,845,1033,493,746,10,197,0.11,-0.01,127,270,751,845,2466,493,858,775,1010,0.62,0.12,1503,0.38,0.62
1143_CS1.lma,493.3395,0,no,1127,1339,1386,775,1309,16,470,0.51,-0.01,74,509,1127,1339,2771,775,1627,1362,1339,0.45,1,1785,0.25,0.41
1145_CS2.lma,426.672,0,no,892,986,1386,705,1157,19,272,0.94,-0.01,169,439,493,986,2513,493,1150,1362,986,0.51,1,1245,0.25,0.37
1146_CS2.lma,653.3415,0,no,1080,611,1080,540,817,9,216,0,-0.04,149,391,1080,611,1080,540,817,963,1080,0.23,0,540,0.18,0.38
1147_CS1.lma,685.3419,0,no,963,728,1362,681,1065,11,108,0.71,0.06,157,544,963,728,3898,681,1282,1245,728,0.77,1,2607,0.23,0.47
1148_CS2.lma,669.3417,0,no,1386,1573,1644,845,1460,9,291,0.31,-0.05,129,480,1386,1573,3288,751,1701,1339,1456,0.8,0.04,1714,0.63,0.88
1149_CS2.lma,682.6752,0,no,1033,1479,1597,798,1410,16,282,0.3,0.03,130,684,517,634,1597,517,1250,1597,681,0.32,0.06,963,0.18,0.29
1152_CS2.lma,576.0072,0,no,869,728,1362,705,1175,10,174,0.44,-0.02,162,457,869,728,1362,705,1175,1292,869,0.27,0.93,423,0.15,0.26
1154_CS3.lma,714.6756,0,no,986,681,1362,658,1210,19,498,0.2,-0.05,127,434,376,376,1362,376,1161,1315,376,0.6,1,681,0.15,0.24
1156_CS2.lma,448.0056,0,no,822,869,892,728,847,2,75,0.98,0,27,111,822,869,1597,775,867,869,869,0.38,1,822,0.18,0.66
1161_CS3.lma,784.0098,0,no,916,1221,1432,705,1271,7,235,0.54,0.02,114,622,2724,658,2724,658,1278,1198,2724,0.17,0,1808,0.17,0.27
1163_CS1.lma,845.3439,0,no,798,1315,1315,798,1156,7,244,0.47,0.03,92,437,329,540,1315,329,1081,1010,329,0.16,0,798,0.18,0.4
1165_CS1.lma,400.005,0,no,751,751,963,728,817,13,94,0.15,-0.03,52,128,751,751,1432,728,833,798,751,0.6,0,493,0.7,0.87
1168_CS1.lma,784.0098,0,no,493,587,611,493,589,2,38,0.29,0.01,22,70,493,587,611,493,589,587,587,0.25,1,94,0.11,0.35
1173_CS1.lma,506.673,0,no,658,798,1339,634,1106,11,122,0.65,0.08,177,567,658,798,2560,611,1118,1339,798,0.7,1,1268,0.26,0.37
1177_CS3.lma,688.0086,0,no,751,1550,1667,751,1333,15,474,0.48,-0.03,201,661,728,1550,3147,634,1406,1573,1550,0.55,1,1597,0.19,0.33
1180_CS3.lma,720.009,0,no,1010,1174,1644,892,1449,7,125,0.16,-0.07,132,652,1010,775,3264,775,1458,1597,1010,0.54,0,1644,0.18,0.42
1181_CS1.lma,930.6783,0,no,1057,845,1620,798,1446,18,366,0.57,0.03,148,743,540,845,1620,446,1417,1620,845,0.64,1,775,0.2,0.36
1183_CS1.lma,570.6738,0,no,775,658,1479,658,1062,13,132,0.72,0.05,159,522,775,658,2489,658,1234,1104,658,0.31,1,1292,0.27,0.38
1185_CS3.lma,880.011,0,no,658,775,798,399,682,5,160,0.04,-0.03,78,242,658,775,1526,352,713,798,775,0.16,1,751,0.2,0.53
1188_CS1.lma,754.6761,0,no,892,1080,1550,751,1206,27,470,0.72,0.06,135,620,329,1080,1550,305,1137,1362,1080,0.8,1,611,0.21,0.43
1194_CS3.lma,538.6734,0,no,869,705,1409,705,1274,9,249,0.25,0.01,132,591,869,705,1409,705,1274,1339,705,0.22,1,611,0.21,0.43
1197_CS1.lma,469.3392,0,no,798,611,916,470,716,9,174,0.34,-0.01,125,270,798,611,1198,470,736,587,798,0.79,0,587,0.15,0.23
1201_CS2.lma,1005.3459,0,no,728,751,1362,728,1244,7,188,0.35,0.01,108,516,728,751,2630,728,1282,751,2607,0.02,0.84,1315,0.16,0.27
1203_CS1.lma,1104.0138,0,no,775,1292,1526,775,1256,9,150,0.58,0.04,146,540,775,658,2654,658,1334,1174,658,0.34,1,1339,0.17,0.4
1204_CS1.lma,424.0053,0,no,470,446,540,446,503,2,23,0.41,0.01,17,73,470,986,1033,446,628,1033,986,0.71,1,540,0.18,0.43
1205_CS2.lma,949.3452,0,no,611,822,1010,611,863,5,42,0.65,0.01,52,208,611,822,1902,611,888,845,822,0.89,1,1057,0.09,0.33
1209_CS1.lma,568.0071,0,no,751,705,1362,540,1034,15,263,0.54,0.06,157,469,751,705,1362,540,1034,1221,705,0.46,1,399,0.17,0.26
1213_CS2.lma,773.343,0,no,658,1174,1245,658,1076,12,344,0.92,-0.02,75,473,611,1174,1245,517,1056,1127,1174,0.59,1,540,0.27,0.52
1215_CS2.lma,746.676,0,no,564,517,916,470,591,7,178,0.83,0.01,63,302,564,1057,1057,470,634,564,1057,0.46,1,446,0.11,0.21
1218_CS1.lma,997.3458,0,no,939,1080,1174,540,973,13,352,0.14,0.03,120,477,305,1080,2114,305,971,564,305,0.09,0,1080,0.15,0.45
1222_CS2.lma,845.3439,0,no,540,775,939,540,801,9,268,0.04,0.01,43,242,540,775,1620,540,821,728,540,0.08,0,798,0.11,0.3
1231_CS3.lma,733.3425,0,no,939,1432,1526,751,1296,16,310,0.11,0.04,193,602,939,1432,1526,728,1293,1456,939,0.46,0,798,0.2,0.42
1233_CS3.lma,866.6775,0,no,634,658,1127,587,997,4,56,0.56,0,106,394,634,658,2207,587,1017,1010,658,0.81,1,1104,0.16,0.25
1234_CS1.lma,930.6783,0,no,423,869,892,423,790,5,141,0.69,0.03,27,266,376,869,892,329,776,658,376,0.1,0,282,0.11,0.33
1240_CS1.lma,1261.3491,0,no,775,845,1221,658,1020,4,56,0.4,0.03,93,403,775,845,2419,658,1259,751,845,0.11,1,1245,0.14,0.34
1241_CS2.lma,1648.0206,0,no,751,916,2207,751,1275,11,451,0.18,0.03,142,1053,681,916,3006,540,1778,775,916,0.08,1,1503,0.13,0.29
1243_CS2.lma,522.6732,0,no,399,352,517,352,449,4,38,0.24,-0.01,35,81,399,705,916,399,624,517,705,0.45,1,446,0.14,0.22
1247_CS1.lma,680.0085,0,no,658,658,1033,634,846,4,117,0.16,-0.06,81,364,658,658,1033,634,846,681,658,0.79,0.96,282,0.37,0.54
1249_CS1.lma,1600.02,0,no,564,658,1174,564,995,4,141,0.75,0.02,95,527,564,658,2067,564,1100,1174,916,0.79,0.98,1033,0.13,0.38
1265_CS1.lma,901.3446,0,no,845,1315,1667,845,1371,21,301,0.55,0.03,146,498,822,1315,4204,822,1481,869,1315,0.03,1,2888,0.25,0.35
1268_CS1.lma,538.6734,0,no,681,1010,1221,587,875,22,225,0.69,0.1,131,472,329,423,2419,329,1019,611,423,0.32,1,1127,0.17,0.34
1269_CS2.lma,738.6759,0,no,1080,1432,1714,869,1461,19,277,0.53,0,190,602,705,1432,1714,705,1459,1597,1432,0.72,1,517,0.23,0.31
1273_CS1.lma,1085.3469,0,no,634,1057,1221,634,1081,10,230,0.17,0.03,126,356,611,1057,3640,611,1360,845,1057,0.19,1,2419,0.16,0.33
1280_CS6.lma,832.0104,0,no,728,1198,1503,728,1259,9,122,0.74,0.06,134,477,634,1198,2959,634,1361,658,1198,0.06,1,1597,0.17,0.32
1284_CS1.lma,1026.6795,0,no,705,728,1386,705,1182,9,216,0.61,0.02,141,562,470,728,2748,329,1302,1127,728,0.18,1,1386,0.19,0.43
1288_CS2.lma,826.677,0,no,634,658,1151,587,1001,5,70,0.19,-0.04,138,518,634,658,2278,587,1031,1127,681,0.18,0.98,1151,0.15,0.26
1292_CS3.lma,1098.6804,0,no,775,986,1503,775,1334,4,63,0.61,0.04,100,560,705,986,3757,705,1967,728,1339,0.01,0.43,2301,0.34,0.79
1296_2_CS1.lma,269.3367,0,no,493,376,517,376,443,3,28,0.18,-0.05,15,43,493,728,1292,423,729,916,728,0.3,1,869,0.29,0.49
1296_CS3.lma,920.0115,0,no,658,822,1315,658,1152,6,178,0.22,0,174,511,658,822,1315,564,1151,1268,634,0.7,0.02,329,0.2,0.38
1306_CS1.lma,701.3421,0,no,634,705,1292,634,1044,10,197,0.21,-0.04,208,526,634,705,1292,634,1044,728,728,0.05,0.98,493,0.25,0.36
1322_CS2.lma,504.0063,0,no,798,1104,1151,587,971,14,244,0.53,0.07,142,448,798,1104,2301,564,1089,634,1104,0.14,1,1198,0.17,0.38
1326_CS2.lma,594.6741,0,no,540,540,1127,540,901,8,85,0.29,-0.04,193,459,493,540,2231,376,933,587,611,0.87,0.95,1127,0.17,0.27
1327_CS2.lma,842.6772,0,no,822,775,822,587,762,5,94,0,0,39,172,822,1526,1550,587,835,751,822,0.71,0,822,0.12,0.43
1329_CS3.lma,880.011,0,no,986,1127,1362,681,1217,9,254,0.5,0,119,528,986,1127,2583,681,1255,1268,1127,0.19,1,1292,0.16,0.31
1333_CS2.lma,744.0093,0,no,681,986,1268,658,1116,9,183,0.27,-0.01,135,495,611,986,3405,282,1201,1221,282,0.64,0.93,2254,0.22,0.37
1337_CS2.lma,746.676,0,no,845,1127,1198,728,1083,7,178,0.2,-0.01,95,320,845,564,1198,470,1024,1198,564,0.32,1,681,0.22,0.29
1341_CS4.lma,800.01,0,no,681,751,1339,681,1220,4,235,0.48,-0.02,102,610,681,751,2701,681,1371,1057,681,0.03,0,1362,0.14,0.4
1342_CS1.lma,312.0039,0,no,681,658,1362,658,1134,23,258,0.43,-0.05,218,518,681,658,1362,658,1134,1339,1339,0.6,0.89,634,0.24,0.4
1349_CS1.lma,642.6747,0,no,728,775,1620,728,1177,19,479,0.75,-0.09,194,707,634,775,3945,634,1432,1432,775,0.28,1,2607,0.22,0.42
1352_2_CS3.lma,680.0085,0,no,1010,1268,1456,751,1323,13,235,0.3,-0.03,119,503,1010,1268,2841,658,1320,1245,1268,0.08,1,1432,0.18,0.36
1353_2_CS1.lma,850.6773,0,no,1010,892,2067,705,1235,13,831,0.17,0.05,91,955,517,2724,2818,517,1367,587,2724,0.04,1,1479,0.59,0.8
1353_CS1.lma,568.0071,0,no,681,822,1339,681,1185,6,103,0.3,-0.02,166,556,681,634,4039,634,1271,1339,634,0.58,1,2701,0.21,0.31
1356_CS3.lma,973.3455,0,no,869,1268,1268,798,1197,4,129,0.38,0,68,400,869,2513,2536,798,1324,1245,1268,0.36,1,1268,0.48,0.76
1363_CS2.lma,965.3454,0,no,399,423,939,399,691,12,193,0.09,-0.03,98,404,399,423,2231,399,843,587,399,0.66,0,1127,0.11,0.31
1366_CS5.lma,696.0087,0,no,1033,728,1479,728,1352,12,291,0.49,-0.01,138,597,1033,658,2818,611,1347,1456,1432,0.44,0.94,2184,0.28,0.45
1367_CS1.lma,765.3429,0,no,728,798,916,517,613,8,160,0.9,0.01,59,288,728,798,1667,658,1204,1597,798,0.85,1,728,0.23,0.36
1371_CS1.lma,773.343,0,no,446,798,798,423,553,11,183,0.01,0.02,68,299,1714,1010,1714,470,836,845,1010,0.09,1,1245,0.18,0.34
1382_2_CS1.lma,872.0109,0,no,634,1198,1221,634,1060,9,230,0.74,0.06,78,336,611,1198,1221,329,1039,587,1198,0.06,1,282,0.19,0.33
1384_CS1.lma,658.6749,0,no,751,822,892,658,823,5,52,0.76,0.02,32,116,751,822,892,658,823,869,822,0.53,1,117,0.14,0.39
1406_CS1.lma,376.0047,0,no,587,751,822,587,725,6,38,0.65,0.06,30,108,587,751,822,587,725,728,751,0.44,1,94,0.12,0.18
1412_CS2.lma,621.3411,0,no,751,681,1409,681,1167,11,113,0.31,-0.02,189,542,751,658,2701,658,1200,1174,728,0.74,0.03,1386,0.7,0.88
1429_CS1.lma,594.6741,0,no,822,916,1573,822,1282,14,263,0.8,0.08,130,581,822,916,1573,822,1282,1198,916,0.18,1,658,0.21,0.27
1444_CS1.lma,432.0054,0,no,587,1174,1174,564,779,12,407,1,-0.03,140,445,587,1174,1174,564,779,963,1174,0.48,1,611,0.29,0.48
1499_CS2.lma,722.6757,0,no,822,845,1573,798,1360,23,348,0.19,-0.06,157,733,822,611,1573,564,1303,1550,611,0.35,0.97,611,0.42,0.62
1575_CS1.lma,626.6745,0,no,728,892,1785,705,1094,25,329,0.79,0.13,167,562,493,892,2677,423,1154,939,892,0.35,1,1315,0.24,0.46
1587_CS5.lma,872.0109,0,no,1104,751,1362,681,1192,7,183,0.31,-0.01,132,552,1104,751,2701,376,1250,1010,376,0.91,0.04,1362,0.27,0.44
1626_CS4.lma,562.6737,0,no,611,681,1245,611,990,12,329,0.31,0.01,185,365,540,681,1245,540,974,681,540,0.11,0,376,0.15,0.27
1627_CS1.lma,341.3376,0,no,705,470,869,305,655,43,286,0.16,-0.02,122,361,705,2043,10239,705,7282,10239,705,0.08,0,9464,0.91,0.94
1649_CS1.lma,765.3429,0,no,751,822,1526,751,1215,17,291,0.24,-0.04,214,594,728,822,4344,728,1827,2982,2278,0.52,0.95,1503,0.25,0.35
1653_CS2.lma,930.6783,0,no,611,775,963,587,837,5,56,0.35,0,66,237,611,775,963,587,837,775,611,0.11,0,94,0.12,0.25
